record_id,record_type,swing_speed,speed_based_flex,current_shot_shape,shot_shape_slider,current_trajectory,trajectory_slider,feel_slider,recommended_shaft_1,success_probability_1,recommended_shaft_2,success_probability_2,color_series,is_conflict
1,normal,106-115,S,straight,-0.75,Mid,-0.92,0.95,OVVIO Green 7X,0.93,OVVIO Green 6X,0.83,Green,false
2,normal,106-115,S,straight,0.38,Mid,0.6,-0.12,OVVIO Blue 6S,0.95,OVVIO Blue 7X,0.83,Blue,false
3,normal,106-115,S,straight,0.83,Low,-0.13,0.16,OVVIO Green 7X,0.8,OVVIO Green 6X,0.78,Red,false
4,normal,96-105,S,draw,-0.17,Mid,-0.18,-0.26,OVVIO Blue 5S,0.95,OVVIO Blue 5R,0.88,Blue,false
5,normal,96-105,S,straight,-0.28,Mid,-0.82,-0.58,OVVIO Green 5S,0.8,OVVIO Green 6X,0.7,Green,false
6,normal,over115,X,fade,0.28,Low,0.16,0.43,OVVIO Blue 7X,0.95,OVVIO Blue 7X,0.78,Blue,false
7,normal,106-115,S,straight,0.06,Mid,0.92,0.21,OVVIO Blue 7X,0.95,OVVIO Blue 6S,0.88,Blue,false
8,normal,85-95,R,fade,0.98,High,0.32,0.38,OVVIO Red 5R,0.8,OVVIO Red 4R,0.7,Red,false
9,normal,106-115,S,draw,-0.66,High,-0.03,0.02,OVVIO Green 7X,0.8,OVVIO Green 6X,0.7,Green,false
10,normal,96-105,S,straight,-0.06,Low,0.94,0.89,OVVIO Blue 7X,0.93,OVVIO Blue 6S,0.75,Blue,false
11,normal,over115,X,fade,-0.8,High,0.98,0.39,OVVIO Green 7X,0.73,OVVIO Green 6X,0.68,Green,true
12,normal,106-115,S,straight,0.82,Low,-0.83,-0.02,OVVIO Green 5S,0.78,OVVIO Blue 6S,0.68,Red,true
13,normal,under85,R,fade,0.52,High,-0.81,-0.47,OVVIO Red 4A,0.73,OVVIO Red 4R,0.68,Red,true
14,normal,under85,R,draw,-0.17,High,-0.7,-0.8,OVVIO Blue 5R,0.85,OVVIO Blue 5S,0.75,Blue,false
15,normal,96-105,S,draw,-0.97,Mid,-0.09,-0.62,OVVIO Green 5S,0.8,OVVIO Green 6X,0.7,Green,false
16,normal,96-105,S,straight,-0.44,High,-0.18,-0.68,OVVIO Green 5S,0.8,OVVIO Green 6X,0.7,Green,false
17,normal,106-115,S,fade,0.99,High,-0.56,-0.35,OVVIO Green 5S,0.73,OVVIO Blue 6S,0.63,Red,true
18,normal,85-95,R,straight,-0.84,Low,0.33,0.12,OVVIO Green 5S,0.93,OVVIO Green 5S,0.73,Green,false
19,normal,85-95,R,draw,0.46,High,-0.6,0.64,OVVIO Blue 6S,0.93,OVVIO Blue 5S,0.83,Blue,false
20,normal,over115,X,straight,-0.21,High,0.32,-0.69,OVVIO Green 6X,0.8,OVVIO Green 7X,0.7,Green,false
21,normal,96-105,S,straight,0.59,Mid,-0.92,0.86,OVVIO Blue 7X,0.93,OVVIO Blue 6S,0.75,Blue,false
22,normal,85-95,R,fade,0.29,Mid,0.23,-0.54,OVVIO Blue 5R,0.93,OVVIO Blue 5S,0.83,Blue,false
23,normal,85-95,R,draw,-0.85,Mid,0.28,0.42,OVVIO Green 5S,0.93,OVVIO Green 5S,0.73,Green,false
24,normal,106-115,S,straight,-0.74,High,0.85,0.38,OVVIO Green 7X,0.73,OVVIO Green 6X,0.68,Green,true
25,normal,96-105,S,fade,0.9,Low,-0.47,-0.75,OVVIO Red 4R,0.93,OVVIO Red 5R,0.78,Red,false
26,normal,85-95,R,draw,0.02,Low,-0.38,-0.74,OVVIO Blue 5R,0.85,OVVIO Blue 5S,0.75,Blue,false
27,normal,106-115,S,fade,-0.4,High,-0.48,0.17,OVVIO Green 7X,0.8,OVVIO Green 6X,0.78,Green,false
28,normal,96-105,S,draw,-0.17,Mid,0.95,-0.31,OVVIO Blue 5S,0.93,OVVIO Blue 5R,0.83,Blue,false
29,normal,under85,R,fade,0.15,Mid,0.47,-0.69,OVVIO Blue 5R,0.85,OVVIO Blue 5S,0.75,Blue,false
30,normal,106-115,S,draw,-0.7,High,-0.11,0.62,OVVIO Green 7X,0.93,OVVIO Green 6X,0.83,Green,false
31,normal,96-105,S,straight,-0.17,Mid,0.96,0.57,OVVIO Blue 7X,0.95,OVVIO Blue 6S,0.83,Blue,false
32,normal,over115,X,fade,-0.15,Mid,0.42,-0.22,OVVIO Blue 7X,0.85,OVVIO Blue 7X,0.65,Blue,false
33,normal,96-105,S,draw,-0.12,Low,-0.98,0.31,OVVIO Blue 7X,0.95,OVVIO Blue 6S,0.88,Blue,false
34,normal,under85,R,fade,0.13,Mid,0.8,0.6,OVVIO Blue 6S,0.93,OVVIO Blue 5S,0.83,Blue,false
35,normal,106-115,S,fade,-0.12,Mid,0.23,-0.67,OVVIO Blue 6S,0.85,OVVIO Blue 7X,0.75,Blue,false
36,normal,85-95,R,draw,-0.49,Mid,-0.75,-0.15,OVVIO Green 5S,0.93,OVVIO Green 5S,0.73,Green,false
37,normal,over115,X,straight,0.75,Mid,0.46,0.78,OVVIO Green 7X,0.93,OVVIO Green 6X,0.83,Red,false
38,normal,106-115,S,fade,-0.01,Low,0.92,-0.27,OVVIO Blue 6S,0.93,OVVIO Blue 7X,0.75,Blue,false
39,normal,106-115,S,straight,0.1,Mid,0.87,0.85,OVVIO Blue 7X,0.93,OVVIO Blue 6S,0.75,Blue,false
40,normal,under85,R,fade,0.67,High,-0.05,0.63,OVVIO Red 5R,0.8,OVVIO Red 4R,0.7,Red,false
41,normal,under85,R,straight,0.21,High,-0.12,-0.7,OVVIO Blue 5R,0.85,OVVIO Blue 5S,0.75,Blue,false
42,normal,106-115,S,straight,-0.34,Low,0.83,-0.38,OVVIO Green 5S,0.73,OVVIO Green 6X,0.55,Green,true
43,normal,over115,X,fade,0.41,Low,-0.23,-0.85,OVVIO Blue 7X,0.8,OVVIO Green 6X,0.7,Red,false
44,normal,106-115,S,fade,0.05,Low,-0.29,0.69,OVVIO Blue 7X,0.95,OVVIO Blue 6S,0.83,Blue,false
45,normal,over115,X,fade,0.43,Mid,-0.97,0.17,OVVIO Green 7X,0.73,OVVIO Green 6X,0.63,Red,true
46,normal,106-115,S,straight,-0.1,Low,0.3,0.42,OVVIO Blue 7X,0.95,OVVIO Blue 6S,0.88,Blue,false
47,normal,106-115,S,fade,-0.22,High,-0.86,0.33,OVVIO Blue 7X,0.95,OVVIO Blue 6S,0.88,Blue,false
48,normal,106-115,S,straight,-0.06,Low,0.36,-0.23,OVVIO Blue 6S,0.93,OVVIO Blue 7X,0.75,Blue,false
49,normal,106-115,S,fade,0.62,High,0.82,-0.39,OVVIO Green 5S,0.88,OVVIO Blue 6S,0.78,Red,false
50,normal,85-95,R,fade,0.47,Low,-0.99,-0.94,OVVIO Red 4A,0.78,OVVIO Red 4R,0.63,Red,true
51,normal,96-105,S,fade,-0.71,High,0.61,-0.96,OVVIO Green 5S,0.65,OVVIO Green 6X,0.55,Green,true
52,normal,under85,R,draw,0.27,Mid,0.82,-0.91,OVVIO Blue 5R,0.85,OVVIO Blue 5S,0.75,Blue,false
53,normal,106-115,S,fade,0.99,Low,0.41,0.82,OVVIO Green 7X,0.93,OVVIO Green 6X,0.83,Red,false
54,normal,under85,R,draw,0.2,Mid,-0.07,0.76,OVVIO Blue 6S,0.93,OVVIO Blue 5S,0.75,Blue,false
55,normal,85-95,R,straight,0.47,Mid,-0.75,-0.14,OVVIO Blue 5R,0.95,OVVIO Blue 5S,0.88,Blue,false
56,normal,over115,X,fade,0.07,Mid,0.87,0.41,OVVIO Blue 7X,0.95,OVVIO Blue 7X,0.78,Blue,false
57,normal,over115,X,straight,-0.55,Mid,0.34,0.78,OVVIO Green 7X,0.93,OVVIO Green 6X,0.83,Green,false
58,normal,85-95,R,fade,-0.29,Low,0.26,0.23,OVVIO Blue 6S,0.95,OVVIO Blue 5S,0.88,Blue,false
59,normal,85-95,R,draw,0.63,Low,0.13,0.17,OVVIO Red 5R,0.88,OVVIO Red 4R,0.7,Red,false
60,normal,85-95,R,straight,0.81,Low,0.65,-0.36,OVVIO Red 4A,0.8,OVVIO Red 4R,0.83,Red,false
61,normal,96-105,S,fade,0.74,Mid,0.79,-0.06,OVVIO Red 4R,0.88,OVVIO Red 5R,0.83,Red,false
62,normal,over115,X,straight,0.57,Mid,-0.44,0.23,OVVIO Blue 7X,0.95,OVVIO Blue 7X,0.78,Blue,false
63,normal,under85,R,fade,-0.04,High,0.77,0.71,OVVIO Blue 6S,0.93,OVVIO Blue 5S,0.75,Blue,false
64,normal,over115,X,straight,-0.71,Mid,0.09,0.2,OVVIO Green 7X,0.88,OVVIO Green 6X,0.78,Green,false
65,normal,85-95,R,draw,0.12,Low,0.44,-0.38,OVVIO Blue 5R,0.93,OVVIO Blue 5S,0.83,Blue,false
66,normal,106-115,S,straight,-0.42,High,0.53,0.62,OVVIO Green 7X,0.78,OVVIO Green 6X,0.68,Green,true
67,normal,85-95,R,draw,-0.79,High,0.08,0.3,OVVIO Green 5S,0.93,OVVIO Green 5S,0.73,Green,false
68,normal,85-95,R,straight,-0.24,Mid,-0.66,-0.72,OVVIO Green 5S,0.8,OVVIO Green 5S,0.6,Green,false
69,normal,under85,R,draw,-0.48,Low,-0.73,0.34,OVVIO Green 5S,0.93,OVVIO Green 5S,0.73,Green,false
70,normal,under85,R,straight,-0.28,Low,0.74,0.15,OVVIO Green 5S,0.78,OVVIO Green 5S,0.58,Green,true
71,normal,over115,X,draw,0.19,Mid,0.13,-0.16,OVVIO Blue 7X,0.93,OVVIO Blue 7X,0.73,Blue,false
72,normal,96-105,S,fade,0.98,Low,0,-0.8,OVVIO Red 4R,0.93,OVVIO Red 5R,0.78,Red,false
73,normal,96-105,S,straight,-0.12,Mid,-0.88,-0.13,OVVIO Blue 5S,0.95,OVVIO Blue 5R,0.88,Blue,false
74,normal,over115,X,draw,0.02,Low,0.73,0.02,OVVIO Blue 7X,0.93,OVVIO Blue 7X,0.73,Blue,false
75,normal,106-115,S,fade,0.73,Low,-0.47,-0.58,OVVIO Green 5S,0.8,OVVIO Blue 6S,0.7,Red,false
76,normal,under85,R,draw,0.9,High,-0.12,0.72,OVVIO Red 5R,0.8,OVVIO Red 4R,0.7,Red,false
77,normal,over115,X,fade,0.77,High,-0.21,0.07,OVVIO Green 7X,0.8,OVVIO Green 6X,0.78,Red,false
78,normal,under85,R,draw,-0.58,Mid,-0.61,-0.65,OVVIO Green 5S,0.8,OVVIO Green 5S,0.6,Green,false
79,normal,96-105,S,draw,-0.75,Mid,0.89,0.22,OVVIO Green 7X,0.65,OVVIO Green 6X,0.63,Green,true
80,normal,85-95,R,fade,0.62,High,0.38,-0.42,OVVIO Red 4A,0.88,OVVIO Red 4R,0.83,Red,false
81,normal,106-115,S,draw,0.39,Low,-0.75,0.53,OVVIO Blue 7X,0.95,OVVIO Blue 6S,0.83,Blue,false
82,normal,over115,X,straight,0.91,High,-0.9,0.75,OVVIO Green 7X,0.78,OVVIO Green 6X,0.68,Red,true
83,normal,106-115,S,straight,-0.7,Mid,0.93,0.27,OVVIO Green 7X,0.73,OVVIO Green 6X,0.63,Green,true
84,normal,96-105,S,straight,-0.7,Mid,0.8,-0.48,OVVIO Green 5S,0.73,OVVIO Green 6X,0.55,Green,true
85,normal,96-105,S,draw,-0.68,Low,0.85,-0.22,OVVIO Green 5S,0.73,OVVIO Green 6X,0.55,Green,true
86,normal,over115,X,draw,-0.39,High,0.63,0.68,OVVIO Green 7X,0.78,OVVIO Green 6X,0.68,Green,true
87,normal,85-95,R,fade,0.12,Mid,-0.7,-0.4,OVVIO Blue 5R,0.93,OVVIO Blue 5S,0.83,Blue,false
88,normal,96-105,S,draw,-0.19,Low,-0.56,0.66,OVVIO Blue 7X,0.95,OVVIO Blue 6S,0.83,Blue,false
89,normal,96-105,S,fade,-0.13,High,-0.09,0.33,OVVIO Blue 7X,0.95,OVVIO Blue 6S,0.88,Blue,false
90,normal,106-115,S,straight,-0.63,Mid,0.26,-0.42,OVVIO Green 5S,0.88,OVVIO Green 6X,0.7,Green,false
91,normal,under85,R,straight,0.9,Mid,-0.96,-0.13,OVVIO Red 4A,0.65,OVVIO Red 4R,0.63,Red,true
92,normal,106-115,S,straight,-0.29,Mid,-0.61,-0.26,OVVIO Green 5S,0.88,OVVIO Green 6X,0.7,Green,false
93,normal,106-115,S,straight,0.19,Mid,-0.44,-0.07,OVVIO Blue 6S,0.95,OVVIO Blue 7X,0.83,Blue,false
94,normal,over115,X,fade,0.49,Mid,-0.53,-0.21,OVVIO Blue 7X,0.73,OVVIO Green 6X,0.55,Red,true
95,normal,under85,R,straight,-0.26,Low,-0.71,-0.74,OVVIO Green 5S,0.8,OVVIO Green 5S,0.6,Green,false
96,normal,106-115,S,fade,0.86,High,-0.56,0.58,OVVIO Green 7X,0.78,OVVIO Green 6X,0.68,Red,true
97,normal,85-95,R,fade,0.24,High,-0.58,-0.54,OVVIO Blue 5R,0.93,OVVIO Blue 5S,0.83,Blue,false
98,normal,85-95,R,draw,-0.71,High,0.64,-0.65,OVVIO Green 5S,0.65,OVVIO Green 5S,0.45,Green,true
99,normal,over115,X,draw,-0.41,High,0.72,-0.22,OVVIO Green 6X,0.65,OVVIO Green 7X,0.55,Green,true
100,normal,over115,X,draw,-0.48,High,-0.71,-0.46,OVVIO Green 6X,0.8,OVVIO Green 7X,0.7,Green,false
101,normal,85-95,R,straight,0.01,Mid,0.34,0.71,OVVIO Blue 6S,0.93,OVVIO Blue 5S,0.75,Blue,false
102,normal,over115,X,fade,0.24,High,-0.61,0.88,OVVIO Blue 7X,0.93,OVVIO Blue 7X,0.73,Blue,false
103,normal,96-105,S,fade,0.12,Mid,0.02,-1,OVVIO Blue 5S,0.85,OVVIO Blue 5R,0.75,Blue,false
104,normal,96-105,S,draw,0.08,High,-0.7,-0.63,OVVIO Blue 5S,0.85,OVVIO Blue 5R,0.75,Blue,false
105,normal,over115,X,straight,0.53,Mid,-0.05,0.73,OVVIO Blue 7X,0.93,OVVIO Blue 7X,0.73,Blue,false
106,normal,over115,X,fade,0.17,High,0.7,-0.75,OVVIO Blue 7X,0.85,OVVIO Blue 7X,0.65,Blue,false
107,normal,under85,R,straight,-0.02,Low,-0.85,0.06,OVVIO Blue 6S,0.95,OVVIO Blue 5S,0.88,Blue,false
108,normal,106-115,S,draw,0.15,Low,-0.64,0.68,OVVIO Blue 7X,0.95,OVVIO Blue 6S,0.83,Blue,false
109,normal,over115,X,fade,-0.23,High,0.85,0.2,OVVIO Blue 7X,0.95,OVVIO Blue 7X,0.78,Blue,false
110,normal,under85,R,draw,0.62,Mid,-0.9,-0.45,OVVIO Red 4A,0.73,OVVIO Red 4R,0.68,Red,true
111,normal,under85,R,draw,-0.63,Mid,0.59,-0.47,OVVIO Green 5S,0.65,OVVIO Green 5S,0.45,Green,true
112,normal,96-105,S,fade,0.23,Mid,-0.93,0.83,OVVIO Blue 7X,0.93,OVVIO Blue 6S,0.75,Blue,false
113,normal,106-115,S,fade,-0.2,Mid,-0.06,0.15,OVVIO Blue 7X,0.93,OVVIO Blue 6S,0.88,Blue,false
114,normal,85-95,R,straight,0.26,High,0.5,-0.89,OVVIO Blue 5R,0.85,OVVIO Blue 5S,0.75,Blue,false
115,normal,85-95,R,fade,0.52,Mid,0.26,0.19,OVVIO Red 5R,0.88,OVVIO Red 4R,0.7,Red,false
116,normal,under85,R,fade,0.13,High,0.76,-0.75,OVVIO Blue 5R,0.85,OVVIO Blue 5S,0.75,Blue,false
117,normal,under85,R,draw,-0.28,Low,-0.4,0.66,OVVIO Blue 6S,0.93,OVVIO Blue 5S,0.75,Blue,false
118,normal,over115,X,fade,-0.92,Mid,-0.11,-0.06,OVVIO Green 6X,0.8,OVVIO Green 7X,0.7,Green,false
119,normal,85-95,R,straight,0.66,High,-0.38,-0.76,OVVIO Blue 5R,0.85,OVVIO Blue 5S,0.75,Blue,false
120,normal,over115,X,draw,0.14,Mid,0.02,0.02,OVVIO Blue 7X,0.93,OVVIO Blue 7X,0.73,Blue,false
121,normal,85-95,R,straight,-0.36,High,-0.95,0.59,OVVIO Green 5S,0.88,OVVIO Green 5S,0.68,Green,false
122,normal,under85,R,straight,-0.12,High,0.42,0.73,OVVIO Blue 6S,0.93,OVVIO Blue 5S,0.75,Blue,false
123,normal,106-115,S,fade,-0.87,High,0.95,0.51,OVVIO Green 7X,0.73,OVVIO Green 6X,0.68,Green,true
124,normal,85-95,R,draw,0.02,High,0.62,-0.29,OVVIO Blue 5R,0.95,OVVIO Blue 5S,0.83,Blue,false
125,normal,106-115,S,straight,-0.29,Mid,-0.94,-0.9,OVVIO Green 5S,0.8,OVVIO Green 6X,0.7,Green,false
126,normal,106-115,S,straight,-0.62,High,-0.64,0.83,OVVIO Green 7X,0.93,OVVIO Green 6X,0.83,Green,false
127,normal,85-95,R,straight,-0.55,Low,0.16,0.54,OVVIO Green 5S,0.88,OVVIO Green 5S,0.68,Green,false
128,normal,under85,R,straight,0.45,Low,-0.1,-0.83,OVVIO Blue 5R,0.85,OVVIO Blue 5S,0.75,Blue,false
129,normal,under85,R,straight,0.14,Low,-0.22,0.66,OVVIO Blue 6S,0.93,OVVIO Blue 5S,0.75,Blue,false
130,normal,96-105,S,fade,0.24,Mid,0.9,0.58,OVVIO Blue 7X,0.95,OVVIO Blue 6S,0.83,Blue,false
131,normal,under85,R,fade,-0.67,Mid,0.37,0.53,OVVIO Green 5S,0.88,OVVIO Green 5S,0.68,Green,false
132,normal,96-105,S,straight,-0.87,Mid,0.09,-0.11,OVVIO Green 5S,0.93,OVVIO Green 6X,0.7,Green,false
133,normal,under85,R,straight,-0.14,Mid,-0.63,0.69,OVVIO Blue 6S,0.93,OVVIO Blue 5S,0.75,Blue,false
134,normal,over115,X,fade,0.13,Low,0.06,-0.48,OVVIO Blue 7X,0.85,OVVIO Blue 7X,0.65,Blue,false
135,normal,under85,R,fade,-0.12,Mid,-0.49,-0.44,OVVIO Blue 5R,0.93,OVVIO Blue 5S,0.83,Blue,false
136,normal,106-115,S,straight,0.5,High,-0.56,-0.45,OVVIO Blue 6S,0.85,OVVIO Blue 7X,0.75,Blue,false
137,normal,85-95,R,straight,0.52,High,0.21,-0.27,OVVIO Blue 5R,0.95,OVVIO Blue 5S,0.83,Blue,false
138,normal,106-115,S,fade,0.64,High,-0.03,0.88,OVVIO Green 7X,0.93,OVVIO Green 6X,0.83,Red,false
139,normal,96-105,S,fade,-0.34,Mid,0.52,-0.63,OVVIO Green 5S,0.65,OVVIO Green 6X,0.55,Green,true
140,normal,85-95,R,straight,-0.13,High,-0.51,0.76,OVVIO Blue 6S,0.93,OVVIO Blue 5S,0.75,Blue,false
141,normal,under85,R,draw,0.77,Low,-0.02,-0.49,OVVIO Red 4A,0.88,OVVIO Red 4R,0.83,Red,false
142,normal,96-105,S,draw,-0.65,Mid,-0.07,0.19,OVVIO Green 7X,0.8,OVVIO Green 6X,0.78,Green,false
143,normal,85-95,R,straight,-0.88,Mid,0.98,0.68,OVVIO Green 5S,0.73,OVVIO Green 5S,0.53,Green,true
144,normal,96-105,S,fade,-0.5,Low,0.23,0.83,OVVIO Green 7X,0.93,OVVIO Green 6X,0.83,Green,false
145,normal,96-105,S,straight,-0.85,Low,0.16,-0.18,OVVIO Green 5S,0.93,OVVIO Green 6X,0.7,Green,false
146,normal,under85,R,straight,0.04,Mid,-0.58,0.43,OVVIO Blue 6S,0.95,OVVIO Blue 5S,0.83,Blue,false
147,normal,over115,X,straight,0.76,High,-0.83,0.84,OVVIO Green 7X,0.78,OVVIO Green 6X,0.68,Red,true
148,normal,under85,R,fade,0.15,Low,-0.12,-0.9,OVVIO Blue 5R,0.85,OVVIO Blue 5S,0.75,Blue,false
149,normal,under85,R,draw,-0.24,High,-0.87,0.91,OVVIO Blue 6S,0.85,OVVIO Blue 5S,0.75,Blue,false
150,normal,over115,X,draw,-0.73,Mid,-0.21,-0.18,OVVIO Green 6X,0.8,OVVIO Green 7X,0.7,Green,false
151,normal,85-95,R,draw,-0.52,Low,-0.6,0.95,OVVIO Green 5S,0.8,OVVIO Green 5S,0.6,Green,false
152,normal,under85,R,straight,-0.48,Mid,0.05,0.79,OVVIO Green 5S,0.8,OVVIO Green 5S,0.6,Green,false
153,normal,106-115,S,draw,-0.39,Low,-0.38,-0.08,OVVIO Green 5S,0.93,OVVIO Green 6X,0.7,Green,false
154,normal,under85,R,draw,-0.27,High,0.96,-0.48,OVVIO Blue 5R,0.93,OVVIO Blue 5S,0.83,Blue,false
155,normal,96-105,S,draw,-0.97,High,0,-0.55,OVVIO Green 5S,0.8,OVVIO Green 6X,0.7,Green,false
156,normal,85-95,R,straight,0.64,Mid,0.71,-0.19,OVVIO Blue 5R,0.95,OVVIO Blue 5S,0.88,Blue,false
157,normal,85-95,R,draw,-0.33,Low,-0.43,0.98,OVVIO Green 5S,0.8,OVVIO Green 5S,0.6,Green,false
158,normal,106-115,S,fade,0.74,Mid,0.07,-0.82,OVVIO Green 5S,0.8,OVVIO Blue 6S,0.7,Red,false
159,normal,106-115,S,straight,-0.68,Mid,-0.87,-0.76,OVVIO Green 5S,0.8,OVVIO Green 6X,0.7,Green,false
160,normal,106-115,S,fade,0.37,High,-0.04,0.92,OVVIO Green 7X,0.93,OVVIO Green 6X,0.83,Red,false
161,normal,under85,R,straight,-0.74,Mid,0.83,0.5,OVVIO Green 5S,0.73,OVVIO Green 5S,0.53,Green,true
162,normal,106-115,S,straight,-0.22,Mid,0.15,0.74,OVVIO Green 7X,0.93,OVVIO Green 6X,0.83,Green,false
163,normal,96-105,S,straight,-0.55,Mid,-0.72,-0.16,OVVIO Green 5S,0.93,OVVIO Green 6X,0.7,Green,false
164,normal,96-105,S,straight,0.79,Mid,0.61,0.4,OVVIO Red 5R,0.8,OVVIO Red 4R,0.7,Red,false
165,normal,over115,X,straight,-0.63,Low,-0.07,-0.6,OVVIO Green 6X,0.8,OVVIO Green 7X,0.7,Green,false
166,normal,over115,X,fade,0.87,Mid,0.21,-0.56,OVVIO Blue 7X,0.8,OVVIO Green 6X,0.7,Red,false
167,normal,85-95,R,straight,-0.06,Low,-0.49,0.16,OVVIO Blue 6S,0.95,OVVIO Blue 5S,0.88,Blue,false
168,normal,under85,R,fade,-0.03,High,0.44,0.75,OVVIO Blue 6S,0.93,OVVIO Blue 5S,0.75,Blue,false
169,normal,85-95,R,draw,0.33,High,-0.28,-0.29,OVVIO Blue 5R,0.95,OVVIO Blue 5S,0.83,Blue,false
170,normal,under85,R,fade,-0.22,Low,0.05,-0.8,OVVIO Blue 5R,0.85,OVVIO Blue 5S,0.75,Blue,false
171,normal,over115,X,draw,-0.74,Low,-0.3,0.77,OVVIO Green 7X,0.93,OVVIO Green 6X,0.83,Green,false
172,normal,under85,R,straight,-0.29,Low,-0.54,0.25,OVVIO Green 5S,0.93,OVVIO Green 5S,0.73,Green,false
173,normal,over115,X,fade,0.65,High,0.39,0.41,OVVIO Green 7X,0.88,OVVIO Green 6X,0.83,Red,false
174,normal,85-95,R,draw,-0.6,Low,-0.93,-0.3,OVVIO Green 5S,0.88,OVVIO Green 5S,0.68,Green,false
175,normal,106-115,S,straight,-0.36,High,-0.72,0.97,OVVIO Green 7X,0.93,OVVIO Green 6X,0.78,Green,false
176,normal,96-105,S,draw,-0.9,Low,-0.56,-0.5,OVVIO Green 5S,0.88,OVVIO Green 6X,0.7,Green,false
177,normal,under85,R,straight,-0.42,Low,0.48,-0.65,OVVIO Green 5S,0.8,OVVIO Green 5S,0.6,Green,false
178,normal,over115,X,straight,0.25,High,-0.21,0.61,OVVIO Blue 7X,0.95,OVVIO Blue 7X,0.78,Blue,false
179,normal,over115,X,straight,-0.15,High,-0.61,0.58,OVVIO Blue 7X,0.95,OVVIO Blue 7X,0.78,Blue,false
180,normal,85-95,R,draw,-0.52,Low,-0.65,0.77,OVVIO Green 5S,0.8,OVVIO Green 5S,0.6,Green,false
181,normal,106-115,S,straight,-0.42,High,-0.19,0.11,OVVIO Green 7X,0.8,OVVIO Green 6X,0.78,Green,false
182,normal,96-105,S,draw,-0.84,High,-0.82,-0.61,OVVIO Green 5S,0.8,OVVIO Green 6X,0.7,Green,false
183,normal,106-115,S,fade,0.23,High,-0.94,-0.61,OVVIO Blue 6S,0.85,OVVIO Blue 7X,0.75,Blue,false
184,normal,96-105,S,straight,-0.72,Mid,-0.97,0.75,OVVIO Green 7X,0.93,OVVIO Green 6X,0.83,Green,false
185,normal,96-105,S,draw,-0.29,High,-0.8,0.92,OVVIO Blue 7X,0.93,OVVIO Blue 6S,0.75,Blue,false
186,normal,106-115,S,draw,-0.87,Low,-0.89,-0.79,OVVIO Green 5S,0.8,OVVIO Green 6X,0.7,Green,false
187,normal,106-115,S,draw,-0.75,Low,0.86,-0.31,OVVIO Green 5S,0.73,OVVIO Green 6X,0.55,Green,true
188,normal,over115,X,straight,0.5,Mid,0.39,-0.47,OVVIO Blue 7X,0.85,OVVIO Blue 7X,0.65,Blue,false
189,normal,106-115,S,straight,0.83,Mid,0.12,-0.25,OVVIO Green 5S,0.88,OVVIO Blue 6S,0.78,Red,false
190,normal,85-95,R,draw,0.06,Low,-0.66,-0.07,OVVIO Blue 5R,0.95,OVVIO Blue 5S,0.88,Blue,false
191,normal,85-95,R,draw,0.35,Mid,-0.94,-0.61,OVVIO Blue 5R,0.93,OVVIO Blue 5S,0.75,Blue,false
192,normal,85-95,R,draw,0.13,Mid,-0.54,0.05,OVVIO Blue 6S,0.95,OVVIO Blue 5S,0.88,Blue,false
193,normal,85-95,R,straight,0.81,Low,-0.5,-0.21,OVVIO Red 4A,0.65,OVVIO Red 4R,0.63,Red,true
194,normal,85-95,R,fade,0.93,High,-0.83,0.06,OVVIO Red 5R,0.73,OVVIO Red 4R,0.55,Red,true
195,normal,over115,X,fade,-0.11,Mid,-0.86,0.06,OVVIO Blue 7X,0.93,OVVIO Blue 7X,0.73,Blue,false
196,normal,85-95,R,straight,0.9,Mid,0.77,-0.09,OVVIO Red 4A,0.8,OVVIO Red 4R,0.78,Red,false
197,normal,85-95,R,draw,-0.68,High,-0.95,0.87,OVVIO Green 5S,0.8,OVVIO Green 5S,0.6,Green,false
198,normal,over115,X,fade,-0.45,Low,0.28,0.8,OVVIO Green 7X,0.93,OVVIO Green 6X,0.83,Green,false
199,normal,85-95,R,draw,-1,Mid,0.02,0.03,OVVIO Green 5S,0.93,OVVIO Green 5S,0.73,Green,false
200,normal,96-105,S,fade,0.96,High,-0.93,0.89,OVVIO Red 5R,0.65,OVVIO Red 4R,0.55,Red,true
201,normal,over115,X,straight,-0.3,High,0.46,-0.67,OVVIO Green 6X,0.8,OVVIO Green 7X,0.7,Green,false
202,normal,under85,R,fade,0.92,Mid,-0.89,-0.49,OVVIO Red 4A,0.73,OVVIO Red 4R,0.68,Red,true
203,normal,96-105,S,fade,0.42,High,-0.56,0.72,OVVIO Red 5R,0.65,OVVIO Red 4R,0.55,Red,true
204,normal,85-95,R,straight,0.97,Mid,-0.28,0.03,OVVIO Red 5R,0.88,OVVIO Red 4R,0.7,Red,false
205,normal,under85,R,draw,-0.99,Low,-0.2,0.24,OVVIO Green 5S,0.93,OVVIO Green 5S,0.73,Green,false
206,normal,85-95,R,draw,-0.78,Mid,-0.29,-0.06,OVVIO Green 5S,0.93,OVVIO Green 5S,0.73,Green,false
207,normal,106-115,S,fade,0.86,Low,0.7,0.12,OVVIO Green 7X,0.8,OVVIO Green 6X,0.78,Red,false
208,normal,96-105,S,fade,0.78,Low,0,-0.96,OVVIO Red 4R,0.88,OVVIO Red 5R,0.7,Red,false
209,normal,106-115,S,draw,-0.42,Low,0.81,-0.92,OVVIO Green 5S,0.65,OVVIO Green 6X,0.55,Green,true
210,normal,85-95,R,fade,0.72,Low,-0.66,-0.37,OVVIO Red 4A,0.65,OVVIO Red 4R,0.68,Red,true
211,normal,over115,X,draw,-0.59,High,-0.87,0.8,OVVIO Green 7X,0.93,OVVIO Green 6X,0.83,Green,false
212,normal,106-115,S,draw,0.2,Low,-0.68,-0.24,OVVIO Blue 6S,0.93,OVVIO Blue 7X,0.75,Blue,false
213,normal,96-105,S,draw,0.64,Mid,0.11,-0.09,OVVIO Red 4R,0.88,OVVIO Red 5R,0.83,Red,false
214,normal,under85,R,straight,0.45,Mid,-0.58,-0.67,OVVIO Blue 5R,0.85,OVVIO Blue 5S,0.75,Blue,false
215,normal,under85,R,fade,0.62,Mid,0.78,0.35,OVVIO Red 5R,0.8,OVVIO Red 4R,0.7,Red,false
216,normal,96-105,S,fade,0.65,Mid,-0.62,0.3,OVVIO Red 5R,0.65,OVVIO Red 4R,0.55,Red,true
217,normal,106-115,S,fade,1,High,0.42,-0.3,OVVIO Green 5S,0.88,OVVIO Blue 6S,0.78,Red,false
218,normal,106-115,S,draw,-0.38,Low,-0.76,0.8,OVVIO Green 7X,0.93,OVVIO Green 6X,0.83,Green,false
219,normal,106-115,S,draw,0.16,High,-0.69,0.94,OVVIO Blue 7X,0.93,OVVIO Blue 6S,0.75,Blue,false
220,normal,85-95,R,straight,0.46,Low,0.13,-0.21,OVVIO Blue 5R,0.95,OVVIO Blue 5S,0.88,Blue,false
221,normal,85-95,R,draw,0.91,Low,-0.76,0.49,OVVIO Red 5R,0.65,OVVIO Red 4R,0.55,Red,true
222,normal,85-95,R,fade,0.28,High,-0.61,0.65,OVVIO Blue 6S,0.93,OVVIO Blue 5S,0.75,Blue,false
223,normal,96-105,S,straight,0.84,Low,0.64,-0.3,OVVIO Red 4R,0.93,OVVIO Red 5R,0.83,Red,false
224,normal,85-95,R,straight,0.56,High,-0.68,-0.52,OVVIO Blue 5R,0.93,OVVIO Blue 5S,0.83,Blue,false
225,normal,under85,R,draw,-0.92,Mid,-0.93,-0.57,OVVIO Green 5S,0.8,OVVIO Green 5S,0.6,Green,false
226,normal,96-105,S,fade,0.2,High,-0.51,-0.03,OVVIO Blue 5S,0.95,OVVIO Blue 5R,0.88,Blue,false
227,normal,under85,R,fade,0.67,High,-0.17,0.15,OVVIO Red 5R,0.88,OVVIO Red 4R,0.7,Red,false
228,normal,85-95,R,fade,-0.71,Mid,-0.82,-0.71,OVVIO Green 5S,0.8,OVVIO Green 5S,0.6,Green,false
229,normal,85-95,R,fade,-0.59,Mid,0.93,-0.45,OVVIO Green 5S,0.73,OVVIO Green 5S,0.53,Green,true
230,normal,over115,X,fade,-0.1,High,-0.05,-0.74,OVVIO Blue 7X,0.85,OVVIO Blue 7X,0.65,Blue,false
231,normal,96-105,S,straight,0.51,Low,0.02,-0.3,OVVIO Blue 5S,0.95,OVVIO Blue 5R,0.83,Blue,false
232,normal,under85,R,straight,0.3,Low,-0.56,-0.24,OVVIO Blue 5R,0.95,OVVIO Blue 5S,0.88,Blue,false
233,normal,over115,X,draw,-0.24,Mid,-0.6,-0.88,OVVIO Blue 7X,0.85,OVVIO Blue 7X,0.65,Blue,false
234,normal,96-105,S,fade,-0.26,Low,0.32,0.98,OVVIO Blue 7X,0.93,OVVIO Blue 6S,0.75,Blue,false
235,normal,85-95,R,draw,-0.51,Low,0.34,-0.45,OVVIO Green 5S,0.88,OVVIO Green 5S,0.68,Green,false
236,normal,106-115,S,straight,1,Mid,0.46,0.45,OVVIO Green 7X,0.88,OVVIO Green 6X,0.83,Red,false
237,normal,under85,R,straight,0.92,Low,-0.73,-0.97,OVVIO Red 4A,0.78,OVVIO Red 4R,0.63,Red,true
238,normal,85-95,R,straight,0.98,Mid,0.81,-0.13,OVVIO Red 4A,0.8,OVVIO Red 4R,0.78,Red,false
239,normal,under85,R,fade,0.32,Mid,0.02,-0.37,OVVIO Red 4A,0.8,OVVIO Red 4R,0.83,Red,false
240,normal,under85,R,draw,-0.92,High,0.92,0.56,OVVIO Green 5S,0.73,OVVIO Green 5S,0.53,Green,true
241,normal,96-105,S,straight,-0.87,High,0.32,0.94,OVVIO Green 7X,0.93,OVVIO Green 6X,0.83,Green,false
242,normal,85-95,R,fade,-0.26,Low,0.07,-0.81,OVVIO Blue 5R,0.85,OVVIO Blue 5S,0.75,Blue,false
243,normal,96-105,S,fade,0.37,Mid,0.13,0,OVVIO Red 5R,0.88,OVVIO Red 4R,0.78,Red,false
244,normal,over115,X,draw,-0.27,Mid,0.89,0.86,OVVIO Blue 7X,0.93,OVVIO Blue 7X,0.73,Blue,false
245,normal,under85,R,fade,0.92,Mid,-0.96,0.35,OVVIO Red 5R,0.65,OVVIO Red 4R,0.55,Red,true
246,normal,85-95,R,draw,-0.61,High,0.94,0.53,OVVIO Green 5S,0.73,OVVIO Green 5S,0.53,Green,true
247,normal,85-95,R,fade,0.6,Low,-0.24,-0.45,OVVIO Red 4A,0.88,OVVIO Red 4R,0.83,Red,false
248,normal,96-105,S,straight,0.41,Low,-0.75,-0.24,OVVIO Blue 5S,0.95,OVVIO Blue 5R,0.88,Blue,false
249,normal,85-95,R,straight,0.86,Mid,-0.92,-0.14,OVVIO Red 4A,0.65,OVVIO Red 4R,0.63,Red,true
250,normal,85-95,R,straight,0.97,Low,0.69,-0.01,OVVIO Red 4A,0.8,OVVIO Red 4R,0.78,Red,false
251,normal,96-105,S,draw,-0.67,High,0.58,0.25,OVVIO Green 7X,0.73,OVVIO Green 6X,0.63,Green,true
252,normal,106-115,S,straight,-0.28,Low,-0.17,0.54,OVVIO Green 7X,0.93,OVVIO Green 6X,0.83,Green,false
253,normal,96-105,S,straight,0.61,High,0.14,0.77,OVVIO Blue 7X,0.93,OVVIO Blue 6S,0.75,Blue,false
254,normal,96-105,S,straight,-0.49,High,0.45,-0.49,OVVIO Green 5S,0.88,OVVIO Green 6X,0.7,Green,false
255,normal,under85,R,fade,-0.19,Mid,0.03,0.81,OVVIO Blue 6S,0.93,OVVIO Blue 5S,0.75,Blue,false
256,normal,96-105,S,draw,-0.05,Low,-0.27,-0.13,OVVIO Blue 5S,0.95,OVVIO Blue 5R,0.88,Blue,false
257,normal,106-115,S,straight,-0.29,Low,-0.64,0.56,OVVIO Green 7X,0.93,OVVIO Green 6X,0.83,Green,false
258,normal,106-115,S,fade,-0.57,Low,0.64,0.51,OVVIO Green 7X,0.73,OVVIO Green 6X,0.68,Green,true
259,normal,106-115,S,fade,0.52,Mid,0.23,0.02,OVVIO Green 7X,0.8,OVVIO Green 6X,0.7,Red,false
260,normal,under85,R,straight,0.98,Low,0.5,-0.95,OVVIO Red 4A,0.93,OVVIO Red 4R,0.78,Red,false
261,normal,under85,R,straight,-0.39,Mid,0.25,-0.76,OVVIO Green 5S,0.8,OVVIO Green 5S,0.6,Green,false
262,normal,106-115,S,straight,-0.69,Low,0.05,-0.13,OVVIO Green 5S,0.93,OVVIO Green 6X,0.7,Green,false
263,normal,96-105,S,straight,0.15,High,0.86,-0.01,OVVIO Blue 5S,0.95,OVVIO Blue 5R,0.88,Blue,false
264,normal,under85,R,straight,-0.32,Mid,-0.97,0.61,OVVIO Green 5S,0.88,OVVIO Green 5S,0.68,Green,false
265,normal,over115,X,draw,-0.44,High,-0.69,-0.68,OVVIO Green 6X,0.8,OVVIO Green 7X,0.7,Green,false
266,normal,over115,X,straight,-0.66,High,1,0.33,OVVIO Green 7X,0.73,OVVIO Green 6X,0.68,Green,true
267,normal,106-115,S,draw,-0.68,High,0.37,-0.47,OVVIO Green 5S,0.88,OVVIO Green 6X,0.7,Green,false
268,normal,under85,R,fade,-0.19,Low,0.21,-0.65,OVVIO Blue 5R,0.85,OVVIO Blue 5S,0.75,Blue,false
269,normal,over115,X,fade,0.47,High,0.39,0.11,OVVIO Green 7X,0.8,OVVIO Green 6X,0.78,Red,false
270,normal,106-115,S,fade,0.96,Mid,0.85,0.97,OVVIO Green 7X,0.93,OVVIO Green 6X,0.78,Red,false
271,normal,85-95,R,straight,-0.8,High,0.14,0.44,OVVIO Green 5S,0.93,OVVIO Green 5S,0.73,Green,false
272,normal,under85,R,straight,-0.82,Low,0.26,-0.32,OVVIO Green 5S,0.88,OVVIO Green 5S,0.68,Green,false
273,normal,106-115,S,straight,0.18,Low,0.6,0.06,OVVIO Blue 7X,0.93,OVVIO Blue 6S,0.88,Blue,false
274,normal,over115,X,draw,-0.21,Low,0.27,0.68,OVVIO Blue 7X,0.95,OVVIO Blue 7X,0.78,Blue,false
275,normal,over115,X,straight,-0.41,High,-0.74,-0.98,OVVIO Green 6X,0.8,OVVIO Green 7X,0.7,Green,false
276,normal,over115,X,straight,-0.16,Low,-0.87,0.21,OVVIO Blue 7X,0.95,OVVIO Blue 7X,0.78,Blue,false
277,normal,85-95,R,fade,0.19,Mid,0.67,0.63,OVVIO Blue 6S,0.93,OVVIO Blue 5S,0.83,Blue,false
278,normal,96-105,S,fade,0.37,High,-0.99,0.46,OVVIO Red 5R,0.65,OVVIO Red 4R,0.55,Red,true
279,normal,96-105,S,straight,0.34,High,-0.61,-0.87,OVVIO Blue 5S,0.85,OVVIO Blue 5R,0.75,Blue,false
280,normal,under85,R,draw,0.52,Mid,-0.54,-0.61,OVVIO Blue 5R,0.93,OVVIO Blue 5S,0.75,Blue,false
281,normal,106-115,S,fade,-0.05,High,-0.62,-0.92,OVVIO Blue 6S,0.85,OVVIO Blue 7X,0.75,Blue,false
282,normal,85-95,R,fade,-0.01,Mid,-0.61,0.01,OVVIO Blue 6S,0.95,OVVIO Blue 5S,0.88,Blue,false
283,normal,under85,R,straight,-0.24,Low,-0.87,-0.39,OVVIO Green 5S,0.88,OVVIO Green 5S,0.68,Green,false
284,normal,over115,X,draw,-0.93,Low,0.21,0.32,OVVIO Green 7X,0.88,OVVIO Green 6X,0.83,Green,false
285,normal,under85,R,fade,0.62,Mid,-0.45,-0.58,OVVIO Red 4A,0.88,OVVIO Red 4R,0.83,Red,false
286,normal,106-115,S,draw,-0.34,Low,0.85,-0.87,OVVIO Green 5S,0.65,OVVIO Green 6X,0.55,Green,true
287,normal,over115,X,draw,-0.15,Low,-0.87,-0.39,OVVIO Blue 7X,0.85,OVVIO Blue 7X,0.65,Blue,false
288,normal,under85,R,fade,-0.18,Mid,0.09,-0.97,OVVIO Blue 5R,0.85,OVVIO Blue 5S,0.75,Blue,false
289,normal,106-115,S,draw,-0.37,Low,0.27,-0.46,OVVIO Green 5S,0.88,OVVIO Green 6X,0.7,Green,false
290,normal,over115,X,draw,-0.66,Mid,-0.79,0.03,OVVIO Green 7X,0.8,OVVIO Green 6X,0.78,Green,false
291,normal,96-105,S,fade,0.27,Mid,-0.2,-0.06,OVVIO Blue 5S,0.95,OVVIO Blue 5R,0.88,Blue,false
292,normal,96-105,S,straight,-0.78,Low,0.91,0.84,OVVIO Green 7X,0.78,OVVIO Green 6X,0.68,Green,true
293,normal,96-105,S,fade,-0.04,High,0.11,-0.87,OVVIO Blue 5S,0.85,OVVIO Blue 5R,0.75,Blue,false
294,normal,over115,X,draw,-0.06,Low,0.11,0.15,OVVIO Blue 7X,0.95,OVVIO Blue 7X,0.78,Blue,false
295,normal,96-105,S,draw,0.54,Mid,0.38,0.81,OVVIO Blue 7X,0.93,OVVIO Blue 6S,0.75,Blue,false
296,normal,over115,X,draw,0.01,Mid,-0.07,-0.36,OVVIO Blue 7X,0.85,OVVIO Blue 7X,0.65,Blue,false
297,normal,106-115,S,fade,-0.08,High,-0.3,0.38,OVVIO Blue 7X,0.95,OVVIO Blue 6S,0.88,Blue,false
298,normal,85-95,R,fade,0.09,Low,-0.99,0.74,OVVIO Blue 6S,0.93,OVVIO Blue 5S,0.75,Blue,false
299,normal,under85,R,draw,-0.01,Mid,-0.85,-0.43,OVVIO Blue 5R,0.93,OVVIO Blue 5S,0.83,Blue,false
300,normal,96-105,S,straight,0.14,Low,-0.5,-0.36,OVVIO Blue 5S,0.93,OVVIO Blue 5R,0.83,Blue,false
301,normal,85-95,R,draw,0.01,Mid,-0.27,-0.52,OVVIO Blue 5R,0.93,OVVIO Blue 5S,0.83,Blue,false
302,normal,106-115,S,straight,0.2,High,-0.68,-0.98,OVVIO Blue 6S,0.85,OVVIO Blue 7X,0.75,Blue,false
303,normal,85-95,R,fade,0.81,Low,0.89,-0.51,OVVIO Red 4A,0.88,OVVIO Red 4R,0.83,Red,false
304,normal,under85,R,fade,0.07,Low,0.62,-0.26,OVVIO Blue 5R,0.95,OVVIO Blue 5S,0.83,Blue,false
305,normal,85-95,R,draw,0.05,Low,-0.05,-0.11,OVVIO Blue 5R,0.95,OVVIO Blue 5S,0.88,Blue,false
306,normal,85-95,R,fade,0.49,Mid,0.45,0.01,OVVIO Red 5R,0.88,OVVIO Red 4R,0.7,Red,false
307,normal,85-95,R,fade,-0.14,High,-0.21,0.22,OVVIO Blue 6S,0.95,OVVIO Blue 5S,0.88,Blue,false
308,normal,over115,X,draw,0.06,High,-0.59,0.83,OVVIO Blue 7X,0.93,OVVIO Blue 7X,0.73,Blue,false
309,normal,106-115,S,fade,0.83,Mid,-0.73,-0.91,OVVIO Green 5S,0.65,OVVIO Blue 6S,0.55,Red,true
310,normal,over115,X,fade,0.4,High,0.71,0.98,OVVIO Green 7X,0.93,OVVIO Green 6X,0.78,Red,false
311,normal,106-115,S,fade,-0.58,Mid,0.19,-0.76,OVVIO Green 5S,0.8,OVVIO Green 6X,0.7,Green,false
312,normal,under85,R,fade,-0.25,High,-0.99,0.23,OVVIO Blue 6S,0.95,OVVIO Blue 5S,0.88,Blue,false
313,normal,under85,R,fade,0.95,High,0.5,-0.74,OVVIO Red 4A,0.93,OVVIO Red 4R,0.83,Red,false
314,normal,96-105,S,straight,0.95,High,0.1,-0.7,OVVIO Red 4R,0.93,OVVIO Red 5R,0.78,Red,false
315,normal,over115,X,fade,0.73,High,0.49,0.5,OVVIO Green 7X,0.93,OVVIO Green 6X,0.83,Red,false
316,normal,106-115,S,draw,0.75,Low,0.71,0.14,OVVIO Green 7X,0.8,OVVIO Green 6X,0.78,Red,false
317,normal,over115,X,draw,-0.01,Low,0.99,-0.9,OVVIO Blue 7X,0.85,OVVIO Blue 7X,0.65,Blue,false
318,normal,under85,R,straight,0.71,Low,0.03,0.32,OVVIO Red 5R,0.8,OVVIO Red 4R,0.7,Red,false
319,normal,96-105,S,straight,-0.23,Mid,-0.03,-0.79,OVVIO Green 5S,0.8,OVVIO Green 6X,0.7,Green,false
320,normal,85-95,R,draw,-0.09,Mid,-0.02,0.59,OVVIO Blue 6S,0.93,OVVIO Blue 5S,0.83,Blue,false
321,normal,over115,X,fade,0.89,Mid,0.86,0.3,OVVIO Green 7X,0.88,OVVIO Green 6X,0.83,Red,false
322,normal,under85,R,straight,0.62,Mid,-0.36,-0.38,OVVIO Blue 5R,0.93,OVVIO Blue 5S,0.83,Blue,false
323,normal,over115,X,straight,-0.73,Low,0.86,0.46,OVVIO Green 7X,0.78,OVVIO Green 6X,0.68,Green,true
324,normal,96-105,S,straight,0.42,High,0.27,-0.49,OVVIO Blue 5S,0.93,OVVIO Blue 5R,0.83,Blue,false
325,normal,106-115,S,fade,-0.05,Low,-0.41,-0.14,OVVIO Blue 6S,0.95,OVVIO Blue 7X,0.75,Blue,false
326,normal,85-95,R,straight,-0.92,Mid,-0.88,-0.57,OVVIO Green 5S,0.8,OVVIO Green 5S,0.6,Green,false
327,normal,under85,R,draw,0.63,High,-0.86,-0.28,OVVIO Red 4A,0.65,OVVIO Red 4R,0.63,Red,true
328,normal,over115,X,fade,0.17,High,0.53,-0.24,OVVIO Blue 7X,0.85,OVVIO Blue 7X,0.65,Blue,false
329,normal,over115,X,fade,-0.09,High,-0.19,-0.35,OVVIO Blue 7X,0.85,OVVIO Blue 7X,0.65,Blue,false
330,normal,96-105,S,draw,-0.94,Low,-0.75,0.04,OVVIO Green 7X,0.8,OVVIO Green 6X,0.7,Green,false
331,normal,under85,R,draw,-0.16,Mid,-0.02,-0.15,OVVIO Blue 5R,0.95,OVVIO Blue 5S,0.88,Blue,false
332,normal,96-105,S,straight,0.2,Low,0.55,0.19,OVVIO Blue 7X,0.95,OVVIO Blue 6S,0.88,Blue,false
333,normal,96-105,S,straight,0.14,High,0.51,0.59,OVVIO Blue 7X,0.95,OVVIO Blue 6S,0.83,Blue,false
334,normal,85-95,R,draw,-0.98,Mid,-0.52,0.82,OVVIO Green 5S,0.8,OVVIO Green 5S,0.6,Green,false
335,normal,96-105,S,draw,0.13,Mid,0.41,-0.55,OVVIO Blue 5S,0.93,OVVIO Blue 5R,0.83,Blue,false
336,normal,over115,X,fade,0.91,Low,0.21,0.07,OVVIO Green 7X,0.8,OVVIO Green 6X,0.78,Red,false
337,normal,over115,X,fade,0.48,Low,0.51,-0.55,OVVIO Blue 7X,0.8,OVVIO Green 6X,0.7,Red,false
338,normal,under85,R,straight,-0.79,Low,0.7,-0.73,OVVIO Green 5S,0.65,OVVIO Green 5S,0.45,Green,true
339,normal,under85,R,straight,0.92,Mid,-0.45,-0.66,OVVIO Red 4A,0.88,OVVIO Red 4R,0.83,Red,false
340,normal,under85,R,draw,-0.76,Low,0.66,0.48,OVVIO Green 5S,0.73,OVVIO Green 5S,0.53,Green,true
341,normal,over115,X,fade,-0.44,High,0.51,-0.8,OVVIO Green 6X,0.65,OVVIO Green 7X,0.55,Green,true
342,normal,over115,X,draw,-0.83,Mid,-0.8,-0.66,OVVIO Green 6X,0.8,OVVIO Green 7X,0.7,Green,false
343,normal,under85,R,straight,0.07,Mid,-0.75,0.21,OVVIO Blue 6S,0.95,OVVIO Blue 5S,0.88,Blue,false
344,normal,106-115,S,fade,0.92,Mid,0.02,-0.87,OVVIO Green 5S,0.8,OVVIO Blue 6S,0.7,Red,false
345,normal,96-105,S,draw,-0.25,Mid,0.97,0.19,OVVIO Blue 7X,0.95,OVVIO Blue 6S,0.88,Blue,false
346,normal,85-95,R,fade,0.15,Mid,0.25,-0.22,OVVIO Blue 5R,0.95,OVVIO Blue 5S,0.88,Blue,false
347,normal,over115,X,straight,0.91,Low,0.99,-0.75,OVVIO Blue 7X,0.8,OVVIO Green 6X,0.7,Red,false
348,normal,over115,X,straight,-0.06,High,0.52,0.51,OVVIO Blue 7X,0.95,OVVIO Blue 7X,0.78,Blue,false
349,normal,96-105,S,draw,-0.63,High,0.6,0.68,OVVIO Green 7X,0.78,OVVIO Green 6X,0.68,Green,true
350,normal,96-105,S,straight,0.21,Low,0,-0.42,OVVIO Blue 5S,0.93,OVVIO Blue 5R,0.83,Blue,false
351,normal,85-95,R,fade,-0.17,Mid,0.8,0.52,OVVIO Blue 6S,0.93,OVVIO Blue 5S,0.83,Blue,false
352,normal,96-105,S,draw,-0.05,High,-0.52,-0.78,OVVIO Blue 5S,0.85,OVVIO Blue 5R,0.75,Blue,false
353,normal,85-95,R,fade,-0.11,Mid,0.77,0.88,OVVIO Blue 6S,0.85,OVVIO Blue 5S,0.75,Blue,false
354,normal,under85,R,draw,0.46,High,0.38,0.42,OVVIO Blue 6S,0.95,OVVIO Blue 5S,0.83,Blue,false
355,normal,85-95,R,straight,0.33,High,0.99,-0.35,OVVIO Blue 5R,0.95,OVVIO Blue 5S,0.83,Blue,false
356,normal,106-115,S,draw,0.18,High,-0.09,0.38,OVVIO Blue 7X,0.95,OVVIO Blue 6S,0.88,Blue,false
357,normal,106-115,S,fade,-0.25,Low,-0.57,-0.76,OVVIO Blue 6S,0.85,OVVIO Blue 7X,0.75,Blue,false
358,normal,106-115,S,draw,-0.39,Low,0.55,0.75,OVVIO Green 7X,0.78,OVVIO Green 6X,0.68,Green,true
359,normal,over115,X,fade,0.21,Mid,0.38,-0.93,OVVIO Blue 7X,0.85,OVVIO Blue 7X,0.65,Blue,false
360,normal,over115,X,draw,-0.67,Mid,0.99,-0.2,OVVIO Green 6X,0.65,OVVIO Green 7X,0.55,Green,true
361,normal,106-115,S,straight,0.29,Low,-0.43,0.14,OVVIO Blue 7X,0.93,OVVIO Blue 6S,0.88,Blue,false
362,normal,85-95,R,draw,0.86,High,0.22,-0.18,OVVIO Red 4A,0.8,OVVIO Red 4R,0.78,Red,false
363,normal,over115,X,fade,0.71,Mid,0.53,0.21,OVVIO Green 7X,0.88,OVVIO Green 6X,0.78,Red,false
364,normal,under85,R,straight,-0.77,Low,-0.14,-0.39,OVVIO Green 5S,0.88,OVVIO Green 5S,0.68,Green,false
365,normal,over115,X,draw,-0.56,High,0.13,0.57,OVVIO Green 7X,0.93,OVVIO Green 6X,0.83,Green,false
366,normal,106-115,S,straight,0.84,Mid,-0.62,-0.24,OVVIO Green 5S,0.73,OVVIO Blue 6S,0.63,Red,true
367,normal,over115,X,straight,-0.24,Low,0.05,-0.86,OVVIO Green 6X,0.8,OVVIO Green 7X,0.7,Green,false
368,normal,over115,X,fade,-0.03,Low,-0.51,0.9,OVVIO Blue 7X,0.93,OVVIO Blue 7X,0.73,Blue,false
369,normal,96-105,S,fade,0.55,Low,-0.08,-0.76,OVVIO Red 4R,0.93,OVVIO Red 5R,0.78,Red,false
370,normal,over115,X,fade,0.25,High,-0.87,-0.68,OVVIO Blue 7X,0.85,OVVIO Blue 7X,0.65,Blue,false
371,normal,over115,X,draw,-0.12,Mid,-0.48,0.69,OVVIO Blue 7X,0.93,OVVIO Blue 7X,0.73,Blue,false
372,normal,85-95,R,draw,-0.24,Low,0.82,0.97,OVVIO Blue 6S,0.85,OVVIO Blue 5S,0.75,Blue,false
373,normal,106-115,S,fade,-0.11,High,0.95,-0.15,OVVIO Blue 6S,0.93,OVVIO Blue 7X,0.75,Blue,false
374,normal,over115,X,draw,-0.15,Mid,-0.72,-0.17,OVVIO Blue 7X,0.93,OVVIO Blue 7X,0.73,Blue,false
375,normal,85-95,R,straight,0.48,Mid,-0.86,-0.45,OVVIO Blue 5R,0.93,OVVIO Blue 5S,0.83,Blue,false
376,normal,106-115,S,fade,0.26,High,0.49,-0.12,OVVIO Blue 6S,0.95,OVVIO Blue 7X,0.83,Blue,false
377,normal,85-95,R,straight,0.28,Mid,-0.22,-0.93,OVVIO Blue 5R,0.85,OVVIO Blue 5S,0.75,Blue,false
378,normal,under85,R,fade,-0.23,Mid,0.36,0.08,OVVIO Blue 6S,0.95,OVVIO Blue 5S,0.88,Blue,false
379,normal,96-105,S,straight,0.01,Low,-0.03,0.56,OVVIO Blue 7X,0.95,OVVIO Blue 6S,0.83,Blue,false
380,normal,106-115,S,fade,-0.23,Low,-1,0.75,OVVIO Blue 7X,0.95,OVVIO Blue 6S,0.83,Blue,false
381,normal,106-115,S,straight,0.1,Low,-0.31,-0.01,OVVIO Blue 6S,0.95,OVVIO Blue 7X,0.83,Blue,false
382,normal,under85,R,straight,0.45,High,-0.13,-0.91,OVVIO Blue 5R,0.85,OVVIO Blue 5S,0.75,Blue,false
383,normal,85-95,R,draw,0.13,High,1,0.33,OVVIO Blue 6S,0.95,OVVIO Blue 5S,0.88,Blue,false
384,normal,96-105,S,draw,-0.68,Mid,0.41,-0.82,OVVIO Green 5S,0.8,OVVIO Green 6X,0.7,Green,false
385,normal,over115,X,straight,0.09,Mid,-0.43,-0.22,OVVIO Blue 7X,0.85,OVVIO Blue 7X,0.65,Blue,false
386,normal,106-115,S,straight,-0.93,Low,-0.34,-0.44,OVVIO Green 5S,0.88,OVVIO Green 6X,0.7,Green,false
387,normal,over115,X,draw,-0.43,High,-0.32,-0.09,OVVIO Green 6X,0.8,OVVIO Green 7X,0.7,Green,false
388,normal,under85,R,straight,0.31,Mid,-0.95,-0.19,OVVIO Blue 5R,0.95,OVVIO Blue 5S,0.88,Blue,false
389,normal,85-95,R,draw,-0.75,Low,0.83,-0.32,OVVIO Green 5S,0.73,OVVIO Green 5S,0.53,Green,true
390,normal,85-95,R,straight,0.43,Mid,-0.36,0.37,OVVIO Blue 6S,0.95,OVVIO Blue 5S,0.83,Blue,false
391,normal,106-115,S,straight,0.5,Mid,0.94,0.26,OVVIO Blue 7X,0.95,OVVIO Blue 6S,0.88,Blue,false
392,normal,under85,R,fade,0.53,High,-0.63,-0.23,OVVIO Red 4A,0.65,OVVIO Red 4R,0.63,Red,true
393,normal,106-115,S,fade,-0.84,Mid,0.88,-0.51,OVVIO Green 5S,0.73,OVVIO Green 6X,0.55,Green,true
394,normal,over115,X,straight,0.45,Low,-0.54,-0.51,OVVIO Blue 7X,0.85,OVVIO Blue 7X,0.65,Blue,false
395,normal,under85,R,fade,0.5,Mid,0.56,0.17,OVVIO Red 5R,0.88,OVVIO Red 4R,0.7,Red,false
396,normal,under85,R,straight,0.93,Mid,-0.3,0.11,OVVIO Red 5R,0.88,OVVIO Red 4R,0.7,Red,false
397,normal,96-105,S,fade,-0.65,High,0.81,0.44,OVVIO Green 7X,0.73,OVVIO Green 6X,0.68,Green,true
398,normal,106-115,S,fade,0.51,Mid,-0.82,-0.27,OVVIO Green 5S,0.73,OVVIO Blue 6S,0.63,Red,true
399,normal,96-105,S,draw,-0.7,Mid,0.71,-0.12,OVVIO Green 5S,0.78,OVVIO Green 6X,0.55,Green,true
400,normal,85-95,R,fade,0.02,High,0.88,0.84,OVVIO Blue 6S,0.85,OVVIO Blue 5S,0.75,Blue,false
401,normal,106-115,S,fade,0.69,High,0.56,-0.96,OVVIO Green 5S,0.8,OVVIO Blue 6S,0.7,Red,false
402,normal,106-115,S,fade,0.2,Mid,0.88,0.24,OVVIO Blue 7X,0.95,OVVIO Blue 6S,0.88,Blue,false
403,normal,under85,R,straight,-0.11,Low,-0.28,-0.49,OVVIO Blue 5R,0.93,OVVIO Blue 5S,0.83,Blue,false
404,normal,85-95,R,straight,-0.06,High,0.3,-0.96,OVVIO Blue 5R,0.85,OVVIO Blue 5S,0.75,Blue,false
405,normal,96-105,S,draw,-0.93,Mid,0.57,0.96,OVVIO Green 7X,0.78,OVVIO Green 6X,0.68,Green,true
406,normal,106-115,S,straight,0.43,Mid,0.15,0.12,OVVIO Blue 7X,0.93,OVVIO Blue 6S,0.88,Blue,false
407,normal,96-105,S,draw,0.07,Mid,0.93,0.88,OVVIO Blue 7X,0.93,OVVIO Blue 6S,0.75,Blue,false
408,normal,85-95,R,fade,0.54,Low,-0.45,-0.74,OVVIO Red 4A,0.93,OVVIO Red 4R,0.83,Red,false
409,normal,under85,R,straight,0.02,Mid,-0.12,-0.83,OVVIO Blue 5R,0.85,OVVIO Blue 5S,0.75,Blue,false
410,normal,106-115,S,straight,0.79,High,0.94,-0.69,OVVIO Green 5S,0.8,OVVIO Blue 6S,0.7,Red,false
411,normal,85-95,R,draw,-0.71,High,0.1,0.73,OVVIO Green 5S,0.88,OVVIO Green 5S,0.68,Green,false
412,normal,85-95,R,straight,-0.96,Low,0.88,0.89,OVVIO Green 5S,0.65,OVVIO Green 5S,0.45,Green,true
413,normal,under85,R,fade,0.38,High,0.65,0.61,OVVIO Red 5R,0.8,OVVIO Red 4R,0.7,Red,false
414,normal,85-95,R,straight,0.78,Low,-0.15,0.03,OVVIO Red 5R,0.88,OVVIO Red 4R,0.7,Red,false
415,normal,over115,X,draw,-0.82,Mid,-0.29,-0.99,OVVIO Green 6X,0.8,OVVIO Green 7X,0.7,Green,false
416,normal,85-95,R,draw,-0.26,High,-0.08,-0.13,OVVIO Blue 5R,0.95,OVVIO Blue 5S,0.88,Blue,false
417,normal,106-115,S,fade,0.5,Mid,0.09,0.89,OVVIO Green 7X,0.93,OVVIO Green 6X,0.83,Red,false
418,normal,96-105,S,fade,0.74,Low,-0.06,0.28,OVVIO Red 5R,0.8,OVVIO Red 4R,0.7,Red,false
419,normal,106-115,S,straight,-0.98,Low,0.24,-0.04,OVVIO Green 5S,0.93,OVVIO Green 6X,0.7,Green,false
420,normal,96-105,S,straight,-0.45,High,-0.92,0.37,OVVIO Green 7X,0.88,OVVIO Green 6X,0.83,Green,false
421,normal,96-105,S,draw,-0.93,Low,-0.3,-0.87,OVVIO Green 5S,0.8,OVVIO Green 6X,0.7,Green,false
422,normal,over115,X,draw,-0.03,Mid,0.35,0.4,OVVIO Blue 7X,0.95,OVVIO Blue 7X,0.78,Blue,false
423,normal,106-115,S,straight,-0.33,Low,-0.73,-0.97,OVVIO Green 5S,0.8,OVVIO Green 6X,0.7,Green,false
424,normal,over115,X,draw,-0.74,High,0.22,0.23,OVVIO Green 7X,0.88,OVVIO Green 6X,0.78,Green,false
425,normal,over115,X,straight,0.73,High,0.81,-0.4,OVVIO Blue 7X,0.8,OVVIO Green 6X,0.7,Red,false
426,normal,under85,R,fade,-0.93,Mid,-0.03,-0.51,OVVIO Green 5S,0.8,OVVIO Green 5S,0.6,Green,false
427,normal,85-95,R,fade,-0.23,Mid,0.16,0.86,OVVIO Blue 6S,0.85,OVVIO Blue 5S,0.75,Blue,false
428,normal,106-115,S,fade,0.66,Mid,0.86,0.64,OVVIO Green 7X,0.93,OVVIO Green 6X,0.83,Red,false
429,normal,under85,R,draw,-0.4,High,0.64,0.97,OVVIO Green 5S,0.65,OVVIO Green 5S,0.45,Green,true
430,normal,85-95,R,draw,-0.42,High,0.52,0.5,OVVIO Green 5S,0.73,OVVIO Green 5S,0.53,Green,true
431,normal,106-115,S,draw,0.05,Mid,0.66,-0.98,OVVIO Blue 6S,0.85,OVVIO Blue 7X,0.75,Blue,false
432,normal,over115,X,fade,-0.06,High,-0.11,-0.56,OVVIO Blue 7X,0.85,OVVIO Blue 7X,0.65,Blue,false
433,normal,under85,R,straight,-0.24,High,-0.13,-1,OVVIO Green 5S,0.8,OVVIO Green 5S,0.6,Green,false
434,normal,under85,R,fade,-0.02,Low,0.09,0.91,OVVIO Blue 6S,0.85,OVVIO Blue 5S,0.75,Blue,false
435,normal,106-115,S,fade,0.98,High,-0.97,-0.58,OVVIO Green 5S,0.65,OVVIO Blue 6S,0.55,Red,true
436,normal,106-115,S,draw,-0.85,Mid,-0.64,0.35,OVVIO Green 7X,0.88,OVVIO Green 6X,0.78,Green,false
437,normal,106-115,S,straight,0.35,Mid,-0.38,-0.16,OVVIO Blue 6S,0.93,OVVIO Blue 7X,0.75,Blue,false
438,normal,96-105,S,fade,0.64,Mid,-0.26,0.31,OVVIO Red 5R,0.8,OVVIO Red 4R,0.7,Red,false
439,normal,85-95,R,draw,-0.04,Low,-0.53,0.27,OVVIO Blue 6S,0.95,OVVIO Blue 5S,0.88,Blue,false
440,normal,106-115,S,fade,-0.42,Low,0.18,0.19,OVVIO Green 7X,0.8,OVVIO Green 6X,0.78,Green,false
441,normal,106-115,S,straight,-0.25,Mid,-0.79,-0.33,OVVIO Green 5S,0.88,OVVIO Green 6X,0.7,Green,false
442,normal,106-115,S,draw,-0.06,Low,0.15,0.39,OVVIO Blue 7X,0.95,OVVIO Blue 6S,0.88,Blue,false
443,normal,96-105,S,straight,0.17,Mid,-0.83,0.07,OVVIO Blue 7X,0.93,OVVIO Blue 6S,0.88,Blue,false
444,normal,over115,X,straight,0.88,Mid,0.37,0.07,OVVIO Green 7X,0.8,OVVIO Green 6X,0.78,Red,false
445,normal,85-95,R,draw,0.21,Low,-0.42,-0.86,OVVIO Blue 5R,0.85,OVVIO Blue 5S,0.75,Blue,false
446,normal,106-115,S,fade,0.76,Mid,-0.98,0.73,OVVIO Green 7X,0.78,OVVIO Green 6X,0.68,Red,true
447,normal,under85,R,draw,-0.81,Mid,-0.92,0.28,OVVIO Green 5S,0.93,OVVIO Green 5S,0.73,Green,false
448,normal,under85,R,draw,-0.94,Mid,0.54,-0.88,OVVIO Green 5S,0.65,OVVIO Green 5S,0.45,Green,true
449,normal,over115,X,draw,-0.57,High,-0.68,-0.37,OVVIO Green 6X,0.8,OVVIO Green 7X,0.7,Green,false
450,normal,over115,X,straight,-0.44,Mid,0.95,-0.66,OVVIO Green 6X,0.65,OVVIO Green 7X,0.55,Green,true
451,normal,85-95,R,fade,0.57,High,-0.5,0.35,OVVIO Red 5R,0.65,OVVIO Red 4R,0.55,Red,true
452,normal,over115,X,straight,-0.3,Low,0.22,-0.15,OVVIO Green 6X,0.8,OVVIO Green 7X,0.7,Green,false
453,normal,106-115,S,straight,0.73,Mid,-0.62,-0.56,OVVIO Green 5S,0.65,OVVIO Blue 6S,0.55,Red,true
454,normal,106-115,S,draw,-0.91,High,-0.32,0.85,OVVIO Green 7X,0.93,OVVIO Green 6X,0.83,Green,false
455,normal,over115,X,draw,-0.69,High,-0.6,-0.74,OVVIO Green 6X,0.8,OVVIO Green 7X,0.7,Green,false
456,normal,under85,R,draw,-0.69,Mid,0.33,0.68,OVVIO Green 5S,0.88,OVVIO Green 5S,0.68,Green,false
457,normal,106-115,S,straight,0.95,Mid,0.53,0.94,OVVIO Green 7X,0.93,OVVIO Green 6X,0.83,Red,false
458,normal,85-95,R,fade,0.26,Low,0.06,0.63,OVVIO Blue 6S,0.93,OVVIO Blue 5S,0.83,Blue,false
459,normal,96-105,S,fade,-0.14,Mid,-0.51,0.83,OVVIO Blue 7X,0.93,OVVIO Blue 6S,0.75,Blue,false
460,normal,under85,R,fade,0.43,Low,-0.35,-0.78,OVVIO Red 4A,0.93,OVVIO Red 4R,0.83,Red,false
461,normal,85-95,R,fade,0.26,Low,-0.28,0.87,OVVIO Blue 6S,0.85,OVVIO Blue 5S,0.75,Blue,false
462,normal,over115,X,draw,-0.77,Low,0.91,0.62,OVVIO Green 7X,0.78,OVVIO Green 6X,0.68,Green,true
463,normal,106-115,S,straight,0.9,High,-0.83,0.71,OVVIO Green 7X,0.78,OVVIO Green 6X,0.68,Red,true
464,normal,over115,X,straight,0.74,Mid,-0.04,-0.32,OVVIO Blue 7X,0.8,OVVIO Green 6X,0.7,Red,false
465,normal,under85,R,draw,-0.58,Mid,0.65,-0.57,OVVIO Green 5S,0.65,OVVIO Green 5S,0.45,Green,true
466,normal,85-95,R,fade,0.98,Low,-0.3,-0.78,OVVIO Red 4A,0.93,OVVIO Red 4R,0.83,Red,false
467,normal,under85,R,draw,-0.39,Low,0.71,0.99,OVVIO Green 5S,0.65,OVVIO Green 5S,0.45,Green,true
468,normal,over115,X,straight,0.53,Low,-0.68,0.03,OVVIO Blue 7X,0.93,OVVIO Blue 7X,0.73,Blue,false
469,normal,over115,X,draw,-0.49,Mid,-0.85,-0.69,OVVIO Green 6X,0.8,OVVIO Green 7X,0.7,Green,false
470,normal,96-105,S,fade,0.69,Low,0.24,0.88,OVVIO Red 5R,0.8,OVVIO Red 4R,0.7,Red,false
471,normal,under85,R,fade,0.16,High,-0.95,-0.33,OVVIO Blue 5R,0.95,OVVIO Blue 5S,0.83,Blue,false
472,normal,96-105,S,draw,-0.99,Mid,-0.66,-0.78,OVVIO Green 5S,0.8,OVVIO Green 6X,0.7,Green,false
473,normal,over115,X,fade,0.63,Low,0.73,-0.59,OVVIO Blue 7X,0.8,OVVIO Green 6X,0.7,Red,false
474,normal,85-95,R,draw,0.12,Mid,0.81,0.14,OVVIO Blue 6S,0.95,OVVIO Blue 5S,0.88,Blue,false
475,normal,106-115,S,fade,0.07,High,0.08,0.35,OVVIO Blue 7X,0.95,OVVIO Blue 6S,0.88,Blue,false
476,normal,96-105,S,fade,0.27,High,0.86,-0.17,OVVIO Blue 5S,0.95,OVVIO Blue 5R,0.88,Blue,false
477,normal,85-95,R,draw,-0.03,High,-0.37,-0.99,OVVIO Blue 5R,0.85,OVVIO Blue 5S,0.75,Blue,false
478,normal,96-105,S,draw,-0.94,Low,0.46,-0.27,OVVIO Green 5S,0.88,OVVIO Green 6X,0.7,Green,false
479,normal,over115,X,draw,0.3,Mid,0.21,0.13,OVVIO Blue 7X,0.95,OVVIO Blue 7X,0.78,Blue,false
480,normal,over115,X,draw,-0.07,High,0.32,0.08,OVVIO Blue 7X,0.93,OVVIO Blue 7X,0.73,Blue,false
481,normal,85-95,R,fade,0.42,Mid,-0.28,0.47,OVVIO Red 5R,0.8,OVVIO Red 4R,0.7,Red,false
482,normal,85-95,R,straight,-0.53,High,-0.13,0.39,OVVIO Green 5S,0.93,OVVIO Green 5S,0.73,Green,false
483,normal,85-95,R,straight,0.43,Mid,-0.79,-0.65,OVVIO Blue 5R,0.85,OVVIO Blue 5S,0.75,Blue,false
484,normal,106-115,S,draw,-0.78,Mid,0.46,0.62,OVVIO Green 7X,0.93,OVVIO Green 6X,0.83,Green,false
485,normal,under85,R,fade,0.27,Low,-0.6,0.05,OVVIO Blue 6S,0.95,OVVIO Blue 5S,0.88,Blue,false
486,normal,106-115,S,draw,-0.45,High,0.03,0.82,OVVIO Green 7X,0.93,OVVIO Green 6X,0.83,Green,false
487,normal,over115,X,straight,-0.15,High,-0.76,-0.79,OVVIO Blue 7X,0.85,OVVIO Blue 7X,0.65,Blue,false
488,normal,under85,R,draw,-0.3,Mid,-0.49,-0.67,OVVIO Green 5S,0.8,OVVIO Green 5S,0.6,Green,false
489,normal,106-115,S,draw,-0.09,High,-0.19,0.43,OVVIO Blue 7X,0.95,OVVIO Blue 6S,0.88,Blue,false
490,normal,85-95,R,fade,0.18,Low,0.16,0.52,OVVIO Blue 6S,0.93,OVVIO Blue 5S,0.83,Blue,false
491,normal,under85,R,straight,-0.12,Low,-0.11,0.6,OVVIO Blue 6S,0.93,OVVIO Blue 5S,0.83,Blue,false
492,normal,85-95,R,fade,0.11,Low,0.72,-0.51,OVVIO Blue 5R,0.93,OVVIO Blue 5S,0.83,Blue,false
493,normal,under85,R,fade,-0.5,Mid,-0.02,-0.89,OVVIO Green 5S,0.8,OVVIO Green 5S,0.6,Green,false
494,normal,over115,X,straight,0.88,Mid,-0.5,0.75,OVVIO Green 7X,0.78,OVVIO Green 6X,0.68,Red,true
495,normal,85-95,R,straight,0.67,Low,0.89,0.73,OVVIO Blue 6S,0.93,OVVIO Blue 5S,0.75,Blue,false
496,normal,85-95,R,straight,0.74,Low,0.17,0.91,OVVIO Red 5R,0.8,OVVIO Red 4R,0.7,Red,false
497,normal,under85,R,draw,-0.24,High,-0.31,0.17,OVVIO Blue 6S,0.95,OVVIO Blue 5S,0.88,Blue,false
498,normal,96-105,S,fade,-0.6,Low,0.36,-0.35,OVVIO Green 5S,0.88,OVVIO Green 6X,0.7,Green,false
499,normal,96-105,S,straight,0.05,Mid,0.96,0.03,OVVIO Blue 7X,0.93,OVVIO Blue 6S,0.88,Blue,false
500,normal,106-115,S,draw,-0.35,High,0.47,-0.46,OVVIO Green 5S,0.88,OVVIO Green 6X,0.7,Green,false
